{"TEST_INTERIOR_01@c.us": 1776939377.8603258, "TEST_INTERIOR_02@c.us": 1776939377.8638961, "TEST_GREET_03@c.us": 1776939384.475123, "TEST_PRICE_04@c.us": 1776939384.4754639, "TEST_MULTI_05@c.us": 1776939390.247246, "TEST_HANDOFF_06@c.us": 1776939474.5532138, "MY_CUSTOM_TEST@c.us": 1776939524.523326, "ui_test@c.us": 1776948506.446395, "test_1@c.us": 1776951663.13594}